Is there a yellow halo around the spots?,Are the leaf spots circular with concentric rings?,Does the disease begin on the lower leaves?,Are the lesions expanding over time?,Is the center of the spot dry and brown?,Are multiple spots merging to form large blotches?,Does the leaf show signs of early yellowing?,Are stems or fruits also affected?,Are the affected leaves wilting?,Is the infection spreading upward on the plant?,Are concentric rings visible clearly on the leaves?,Is there any rotting seen on fruit?,Are the leaf margins turning brown?,Is the plant under moisture stress?,Is the disease more active during rainy days?,Are nearby tomato plants also showing similar symptoms?,Is there any black moldy growth on the lesion?,Does the disease affect the whole plant?,Is the spot size more than 5mm in diameter?,Are the lesions visible on both sides of the leaf?,Is the infection found only on mature leaves?,Are the leaf veins visible through the lesion?,Is the damage uniform across the field?,Was there previous history of Early Blight in this field?,Is the farmer using resistant tomato varieties?,Was any fungicide recently applied?,Was there poor air circulation in the field?,Was the field irrigated from overhead sprinklers?,Are pruning and sanitation practices followed?,Is there any other crop in the field showing similar spots?,Disease_Present
No,No,No,No,No,No,No,No,No,No,No,No,No,No,No,Yes,No,No,No,No,No,No,No,No,No,No,Yes,No,No,No,Not Present
No,No,No,No,No,No,No,No,No,No,No,No,No,No,No,No,No,No,No,No,No,No,Yes,No,No,No,No,No,No,No,Not Present
No,No,Yes,No,No,Yes,No,No,Yes,No,Yes,Yes,Yes,No,No,Yes,No,No,Yes,Yes,No,Yes,No,Yes,Yes,No,Yes,Yes,No,Yes,Present
No,No,No,No,No,No,No,No,No,No,No,No,No,No,No,No,No,No,No,No,No,No,No,No,No,No,No,No,No,No,Not Present
No,Yes,No,No,Yes,Yes,Yes,Yes,Yes,No,No,No,No,Yes,No,No,Yes,No,No,No,No,No,No,Yes,No,No,No,Yes,Yes,No,Present
No,No,No,No,Yes,No,No,No,Yes,No,No,No,No,No,No,No,No,No,No,No,No,No,No,No,No,No,No,No,No,No,Not Present
No,Yes,No,No,No,No,No,No,No,No,No,No,No,No,Yes,No,Yes,No,No,No,Yes,Yes,Yes,Yes,Yes,Yes,Yes,No,Yes,Yes,Present
No,Yes,No,Yes,No,Yes,Yes,No,No,No,Yes,No,No,No,Yes,Yes,Yes,Yes,No,Yes,Yes,No,Yes,No,Yes,Yes,Yes,Yes,No,No,Present
No,Yes,Yes,No,Yes,No,Yes,Yes,No,No,Yes,Yes,No,Yes,Yes,No,No,Yes,No,No,No,No,Yes,No,Yes,Yes,Yes,Yes,No,No,Present
Yes,Yes,No,Yes,Yes,Yes,Yes,Yes,No,No,No,Yes,Yes,Yes,Yes,Yes,Yes,Yes,Yes,Yes,Yes,Yes,No,No,No,No,Yes,No,Yes,No,Present
No,Yes,No,Yes,Yes,Yes,No,Yes,No,Yes,Yes,Yes,No,No,Yes,Yes,Yes,Yes,Yes,Yes,No,No,No,No,Yes,Yes,Yes,No,Yes,Yes,Present
Yes,No,No,Yes,No,No,No,No,Yes,Yes,No,No,Yes,No,Yes,Yes,Yes,No,Yes,No,No,Yes,Yes,Yes,No,Yes,No,No,No,Yes,Present
No,No,No,No,No,No,No,No,No,No,No,No,No,No,No,No,No,No,No,No,No,No,No,No,No,No,No,No,No,No,Not Present
No,No,No,Yes,Yes,Yes,No,Yes,Yes,Yes,No,No,No,No,Yes,Yes,No,No,No,No,No,No,No,Yes,Yes,No,Yes,No,No,No,Present
Yes,No,Yes,No,No,No,Yes,Yes,Yes,No,Yes,Yes,No,No,No,Yes,Yes,No,Yes,No,No,No,Yes,Yes,No,No,No,Yes,No,No,Present
Yes,No,Yes,Yes,No,No,No,No,Yes,Yes,No,No,No,No,Yes,Yes,Yes,Yes,Yes,No,Yes,Yes,Yes,No,No,Yes,Yes,No,No,Yes,Present
Yes,Yes,Yes,Yes,No,No,No,Yes,No,Yes,Yes,No,Yes,No,Yes,No,Yes,Yes,No,No,Yes,Yes,Yes,Yes,Yes,Yes,Yes,Yes,No,Yes,Present
No,No,No,No,No,No,No,No,Yes,Yes,No,No,No,No,No,No,No,No,No,Yes,Yes,Yes,No,Yes,No,No,No,Yes,No,No,Not Present
No,No,Yes,Yes,No,Yes,Yes,Yes,Yes,Yes,Yes,Yes,No,No,Yes,No,Yes,No,No,No,No,No,No,Yes,No,No,No,Yes,No,Yes,Present
No,No,No,No,No,No,No,No,No,No,No,No,No,No,No,No,No,No,No,No,No,No,No,No,No,Yes,No,No,No,No,Not Present
No,No,No,No,No,No,Yes,No,No,No,No,No,No,No,No,No,No,No,No,No,No,No,No,No,No,No,No,No,Yes,No,Not Present
Yes,Yes,No,Yes,No,No,No,No,No,Yes,No,Yes,No,No,Yes,Yes,No,No,No,No,Yes,Yes,No,Yes,Yes,Yes,No,No,Yes,Yes,Present
No,No,No,No,No,No,No,No,No,Yes,No,No,No,No,Yes,No,No,No,Yes,No,No,No,No,No,No,No,No,No,No,Yes,Not Present
No,No,No,Yes,No,No,Yes,Yes,No,No,Yes,No,Yes,Yes,No,Yes,Yes,No,No,No,Yes,No,Yes,Yes,No,Yes,No,No,No,Yes,Present
Yes,Yes,No,No,Yes,No,No,Yes,No,No,Yes,No,Yes,No,No,Yes,No,Yes,Yes,No,No,Yes,No,No,No,Yes,No,Yes,No,Yes,Present
No,No,No,No,No,No,No,No,No,No,No,No,No,No,No,No,No,No,No,No,No,No,No,No,No,No,No,No,No,No,Not Present
No,No,No,No,No,No,No,No,No,No,Yes,No,No,No,No,No,No,No,No,No,No,No,No,No,No,No,No,No,No,No,Not Present
No,No,No,No,No,No,No,No,No,No,No,No,No,No,No,No,No,No,No,No,No,No,No,No,No,Yes,No,No,No,No,Not Present
Yes,Yes,No,Yes,No,Yes,No,No,Yes,Yes,No,Yes,No,No,No,No,Yes,No,Yes,Yes,No,No,Yes,Yes,No,No,Yes,No,No,Yes,Present
No,No,No,No,No,No,No,Yes,No,No,No,No,No,No,No,No,No,No,No,No,No,No,No,No,No,No,No,No,No,No,Not Present
No,Yes,No,No,No,No,No,No,No,No,No,No,No,No,No,No,No,No,No,No,No,No,No,No,No,No,No,No,No,No,Not Present
Yes,Yes,Yes,No,No,No,No,Yes,No,No,Yes,Yes,Yes,No,Yes,Yes,Yes,Yes,No,No,No,No,No,Yes,No,Yes,No,Yes,Yes,Yes,Present
No,Yes,No,Yes,Yes,No,Yes,Yes,No,Yes,Yes,No,No,Yes,Yes,No,No,No,No,No,Yes,No,No,No,No,No,Yes,Yes,Yes,No,Present
No,No,No,No,No,No,No,No,No,No,No,No,No,No,No,No,No,No,No,No,No,No,No,No,No,No,No,No,No,No,Not Present
No,No,No,No,No,No,No,No,No,No,No,No,No,No,No,No,No,No,No,No,No,No,No,No,No,No,No,No,No,No,Not Present
No,No,No,No,No,No,No,No,No,No,No,No,No,No,No,No,No,No,No,No,Yes,No,No,No,No,No,No,No,Yes,No,Not Present
No,No,No,No,Yes,Yes,No,No,No,No,No,No,No,No,Yes,No,No,No,No,No,No,No,No,No,No,No,No,No,No,No,Not Present
Yes,No,No,Yes,No,No,No,Yes,No,Yes,No,Yes,Yes,Yes,Yes,No,No,No,Yes,No,Yes,Yes,No,No,Yes,Yes,No,No,Yes,Yes,Present
No,No,No,No,No,No,No,No,No,No,No,No,No,No,No,No,No,No,No,No,No,No,No,No,No,No,No,No,No,No,Not Present
No,No,No,No,No,No,No,No,No,No,No,No,No,No,No,No,No,No,No,No,No,No,No,No,No,No,No,No,No,No,Not Present
No,No,No,No,No,No,No,No,No,Yes,Yes,Yes,Yes,No,Yes,Yes,No,Yes,No,Yes,Yes,Yes,No,Yes,No,Yes,Yes,No,Yes,No,Present
No,Yes,No,Yes,No,No,Yes,No,No,No,Yes,Yes,No,Yes,Yes,Yes,Yes,Yes,No,No,No,No,No,No,No,Yes,Yes,Yes,Yes,No,Present
Yes,No,No,No,No,Yes,No,Yes,Yes,Yes,No,Yes,Yes,No,Yes,Yes,No,Yes,No,No,Yes,No,No,No,No,Yes,No,Yes,Yes,No,Present
No,No,No,No,No,No,No,Yes,No,No,No,No,No,No,No,No,No,No,No,No,No,No,No,No,No,No,No,No,No,No,Not Present
Yes,No,No,Yes,No,Yes,No,No,No,No,No,No,Yes,No,Yes,Yes,Yes,Yes,Yes,No,No,Yes,No,No,No,No,Yes,Yes,No,No,Present
Yes,Yes,Yes,Yes,No,Yes,No,No,Yes,Yes,No,Yes,Yes,No,Yes,Yes,Yes,No,Yes,Yes,No,No,Yes,Yes,No,Yes,Yes,No,No,No,Present
Yes,Yes,No,No,Yes,No,Yes,No,No,Yes,Yes,Yes,No,Yes,Yes,No,No,Yes,Yes,No,No,Yes,No,Yes,Yes,Yes,No,Yes,Yes,Yes,Present
Yes,No,No,No,No,Yes,No,No,No,No,Yes,No,Yes,No,Yes,Yes,No,No,Yes,Yes,Yes,No,No,No,No,Yes,Yes,Yes,No,Yes,Present
Yes,Yes,Yes,No,Yes,Yes,No,No,No,No,Yes,Yes,Yes,No,Yes,Yes,Yes,No,No,Yes,Yes,Yes,Yes,Yes,No,Yes,Yes,No,No,Yes,Present
No,No,Yes,Yes,No,Yes,No,Yes,No,Yes,Yes,Yes,No,No,No,No,No,Yes,Yes,Yes,Yes,Yes,Yes,No,Yes,Yes,No,No,Yes,Yes,Present
No,No,No,No,No,No,No,No,Yes,No,No,No,No,No,No,No,No,No,No,No,No,No,No,No,No,No,No,No,No,No,Not Present
No,Yes,No,Yes,Yes,No,No,No,Yes,Yes,No,Yes,Yes,Yes,No,No,No,Yes,No,Yes,No,No,Yes,No,No,No,No,No,No,Yes,Present
No,No,No,No,No,No,No,No,No,No,No,No,No,No,No,No,No,No,No,No,No,No,No,No,No,No,No,No,No,No,Not Present
No,No,No,No,No,Yes,Yes,Yes,Yes,Yes,No,Yes,No,No,No,No,No,No,Yes,Yes,Yes,No,No,Yes,Yes,No,Yes,No,Yes,No,Present
Yes,Yes,Yes,Yes,Yes,No,Yes,Yes,No,Yes,No,Yes,Yes,No,Yes,No,No,No,No,Yes,No,No,Yes,Yes,No,Yes,Yes,No,No,No,Present
No,No,No,No,No,No,No,No,No,No,No,Yes,No,No,No,No,No,Yes,No,No,No,No,No,No,No,No,No,No,No,No,Not Present
No,Yes,No,Yes,Yes,Yes,Yes,Yes,Yes,Yes,No,Yes,No,Yes,Yes,No,No,Yes,No,No,Yes,No,No,No,Yes,No,No,Yes,Yes,No,Present
No,No,No,No,No,No,Yes,No,No,No,No,No,No,No,No,No,No,No,No,No,No,No,No,No,No,No,No,No,No,No,Not Present
No,No,No,No,No,No,No,No,No,Yes,No,No,Yes,No,No,No,No,No,No,No,No,No,No,No,No,No,No,No,No,No,Not Present
No,No,No,No,No,No,No,No,No,No,No,No,No,No,No,Yes,No,No,No,No,No,No,No,No,No,No,Yes,No,No,No,Not Present
No,No,No,No,No,No,No,No,No,No,No,No,No,Yes,Yes,No,No,No,No,No,No,No,No,No,No,No,No,No,No,No,Not Present
No,No,No,No,No,No,No,No,No,No,No,No,No,No,No,No,Yes,No,No,No,No,No,No,No,Yes,No,No,No,No,No,Not Present
No,Yes,No,No,No,No,No,No,No,Yes,Yes,No,Yes,Yes,No,Yes,No,Yes,No,No,Yes,Yes,Yes,No,Yes,Yes,No,Yes,No,No,Present
No,No,No,No,No,No,No,No,No,No,No,No,No,No,No,No,No,No,Yes,No,No,No,No,No,No,No,No,No,No,No,Not Present
No,Yes,No,No,Yes,Yes,Yes,Yes,No,No,Yes,No,Yes,Yes,No,No,Yes,Yes,Yes,No,No,Yes,No,Yes,Yes,Yes,Yes,No,Yes,No,Present
No,No,No,No,No,No,No,No,No,Yes,No,No,No,No,No,No,No,No,No,No,No,No,No,No,No,No,No,No,No,No,Not Present
No,No,Yes,No,Yes,No,No,No,No,No,No,No,No,No,No,No,No,No,No,No,No,No,No,No,No,No,No,No,No,No,Not Present
No,No,Yes,No,No,No,No,No,No,No,No,No,No,No,No,No,No,No,No,No,No,No,No,No,No,No,No,No,No,No,Not Present
No,No,Yes,Yes,No,Yes,Yes,Yes,Yes,No,No,Yes,Yes,No,Yes,No,No,Yes,Yes,Yes,Yes,Yes,No,Yes,No,No,Yes,Yes,No,Yes,Present
No,No,No,No,No,Yes,No,No,No,No,No,No,No,Yes,No,No,No,No,No,No,No,No,No,No,No,No,No,No,No,No,Not Present
Yes,No,No,No,Yes,No,Yes,No,No,No,Yes,No,No,No,Yes,Yes,Yes,Yes,Yes,Yes,Yes,No,No,No,No,No,Yes,No,Yes,Yes,Present
No,No,No,No,No,No,No,No,No,No,No,No,No,No,No,No,No,No,No,No,No,No,No,No,No,No,No,No,No,No,Not Present
No,No,No,No,No,No,No,Yes,No,No,No,No,No,No,No,No,No,No,No,No,No,No,No,No,No,No,No,No,No,No,Not Present
No,No,No,No,No,No,No,No,No,No,No,No,No,No,No,No,No,No,No,No,No,No,No,No,No,No,No,Yes,No,No,Not Present
Yes,No,Yes,No,Yes,Yes,No,Yes,Yes,Yes,Yes,No,Yes,No,Yes,No,Yes,No,No,Yes,No,Yes,No,Yes,No,Yes,Yes,Yes,No,No,Present
No,No,No,No,No,No,No,No,No,No,No,No,No,Yes,Yes,No,No,No,No,No,No,No,No,No,No,No,No,No,No,No,Not Present
Yes,No,Yes,Yes,Yes,No,Yes,Yes,Yes,Yes,No,No,No,No,No,No,No,No,Yes,No,Yes,No,Yes,No,No,No,No,No,No,No,Present
No,No,No,No,No,Yes,No,No,No,No,No,No,No,No,No,No,No,No,No,No,No,No,No,No,No,Yes,No,No,No,No,Not Present
No,No,No,No,No,Yes,No,No,No,Yes,No,No,No,No,No,No,No,No,No,No,No,No,No,No,No,No,No,No,No,No,Not Present
Yes,No,No,No,No,Yes,Yes,No,Yes,Yes,No,Yes,No,No,Yes,Yes,No,No,No,No,Yes,No,Yes,Yes,No,No,No,No,Yes,No,Present
No,No,No,No,No,No,No,No,No,No,No,No,No,No,No,No,No,No,No,No,No,No,No,No,No,No,No,No,No,Yes,Not Present
No,No,No,No,No,No,No,No,No,No,No,No,No,No,No,No,No,No,No,No,No,No,No,No,No,No,No,No,No,No,Not Present
Yes,No,No,Yes,Yes,Yes,No,Yes,No,No,No,Yes,Yes,Yes,No,No,No,No,No,Yes,No,Yes,Yes,No,Yes,No,No,No,No,Yes,Present
No,No,No,No,No,No,No,No,No,No,No,No,No,No,No,No,No,No,No,No,No,No,No,No,No,No,No,No,No,No,Not Present
No,No,No,No,No,No,No,No,No,No,No,No,No,No,No,No,No,No,Yes,Yes,No,Yes,No,No,No,No,No,No,No,No,Not Present
No,No,No,No,No,No,No,No,No,Yes,No,No,Yes,No,No,No,No,No,No,No,No,No,No,No,No,No,No,No,No,No,Not Present
No,No,No,Yes,No,No,No,Yes,Yes,No,Yes,Yes,No,No,Yes,Yes,Yes,No,No,Yes,No,Yes,No,No,Yes,No,Yes,No,Yes,Yes,Present
No,No,No,No,No,No,No,No,No,No,No,No,No,No,No,No,No,No,No,No,No,No,No,No,No,No,No,No,No,No,Not Present
Yes,Yes,No,No,No,No,Yes,Yes,Yes,No,No,No,No,Yes,Yes,Yes,No,Yes,Yes,No,No,Yes,No,Yes,No,No,No,No,No,Yes,Present
No,No,No,No,No,No,No,No,No,No,No,No,No,No,No,No,No,No,No,No,No,Yes,No,No,No,No,Yes,No,No,No,Not Present
No,No,No,No,No,No,No,No,No,No,No,No,No,Yes,No,No,No,No,No,No,No,No,No,No,No,No,No,No,No,No,Not Present
No,No,No,No,No,No,No,No,No,No,No,No,No,No,No,No,No,No,No,No,No,No,No,No,No,No,Yes,No,No,No,Not Present
No,No,No,No,No,No,No,No,No,No,No,No,No,No,No,No,No,No,No,No,No,Yes,No,Yes,No,No,No,No,No,No,Not Present
No,No,No,No,No,No,No,No,No,No,No,No,No,No,Yes,No,No,No,No,No,No,No,No,No,No,No,No,No,No,No,Not Present
Yes,No,Yes,No,No,Yes,Yes,No,Yes,Yes,Yes,Yes,No,Yes,Yes,No,No,Yes,Yes,No,No,Yes,Yes,No,No,Yes,Yes,Yes,No,No,Present
No,No,Yes,No,No,Yes,No,Yes,No,No,Yes,No,Yes,No,No,Yes,No,Yes,Yes,Yes,Yes,No,No,No,No,Yes,No,Yes,Yes,No,Present
No,No,No,No,No,No,No,No,No,No,No,No,No,No,No,No,No,No,No,No,No,No,No,No,No,No,Yes,No,No,No,Not Present
No,No,No,No,No,Yes,No,No,No,No,No,No,No,No,No,No,No,No,No,No,No,No,No,No,No,No,No,No,No,No,Not Present
Yes,Yes,Yes,No,Yes,No,No,No,Yes,Yes,Yes,Yes,No,No,Yes,Yes,No,No,Yes,Yes,No,No,No,Yes,No,No,Yes,Yes,Yes,No,Present
Yes,No,No,No,No,No,No,No,No,No,No,No,Yes,No,No,Yes,No,Yes,No,No,No,No,No,No,No,No,No,No,No,No,Not Present
No,No,No,Yes,No,No,Yes,No,No,Yes,No,No,Yes,Yes,Yes,Yes,No,Yes,No,Yes,No,Yes,No,No,No,No,No,No,Yes,No,Present
No,No,Yes,Yes,Yes,Yes,No,Yes,Yes,No,Yes,Yes,Yes,Yes,No,No,Yes,Yes,No,No,Yes,Yes,No,No,No,No,Yes,No,Yes,No,Present
No,No,Yes,Yes,No,Yes,No,No,Yes,No,No,Yes,No,No,Yes,Yes,Yes,No,Yes,Yes,Yes,No,No,Yes,Yes,No,Yes,No,No,No,Present
Yes,No,Yes,No,Yes,Yes,Yes,No,No,No,No,Yes,Yes,No,No,No,Yes,No,Yes,Yes,Yes,Yes,No,Yes,No,Yes,No,No,No,Yes,Present
No,No,Yes,Yes,Yes,No,No,Yes,Yes,No,No,No,No,No,No,No,Yes,Yes,No,No,No,No,Yes,Yes,Yes,Yes,Yes,Yes,No,No,Present
No,No,Yes,No,No,No,No,No,No,Yes,No,Yes,No,No,No,No,No,No,No,No,No,No,No,No,No,No,No,No,No,No,Not Present
No,No,No,No,No,No,No,No,No,No,No,No,No,No,No,No,No,No,No,Yes,No,No,No,No,No,No,No,No,No,No,Not Present
No,No,No,No,No,No,No,No,No,No,No,Yes,No,No,No,No,No,No,No,No,No,No,No,No,Yes,No,No,No,No,No,Not Present
No,No,No,No,No,No,No,No,No,No,No,No,No,No,No,No,No,No,No,No,No,No,No,Yes,No,No,No,No,No,No,Not Present
No,No,Yes,Yes,No,No,No,No,Yes,Yes,Yes,Yes,No,Yes,No,No,No,No,No,No,Yes,No,Yes,Yes,Yes,No,Yes,Yes,No,Yes,Present
No,Yes,No,No,No,Yes,Yes,No,Yes,No,Yes,No,No,No,No,No,No,Yes,No,No,No,No,No,No,Yes,Yes,No,Yes,No,Yes,Present
Yes,Yes,No,No,No,No,Yes,No,Yes,No,No,Yes,Yes,No,No,Yes,Yes,No,Yes,Yes,Yes,Yes,No,Yes,No,Yes,No,Yes,Yes,No,Present
No,No,No,No,No,No,No,Yes,Yes,No,No,No,No,No,No,No,No,No,No,No,No,No,No,No,No,No,No,Yes,No,No,Not Present
No,Yes,Yes,Yes,No,No,Yes,Yes,No,Yes,No,Yes,Yes,No,Yes,No,No,No,Yes,No,Yes,Yes,Yes,No,Yes,No,No,Yes,No,No,Present
Yes,No,Yes,No,No,No,No,No,Yes,No,Yes,No,Yes,No,No,No,No,Yes,No,Yes,Yes,Yes,Yes,No,No,Yes,Yes,No,No,No,Present
Yes,Yes,No,Yes,No,No,Yes,Yes,No,Yes,No,No,Yes,Yes,Yes,Yes,Yes,No,No,Yes,No,No,No,Yes,Yes,Yes,No,Yes,Yes,Yes,Present
Yes,No,Yes,No,Yes,Yes,Yes,Yes,Yes,No,Yes,Yes,No,No,No,No,No,No,No,No,No,No,Yes,No,No,Yes,Yes,No,No,No,Present
No,No,No,No,No,No,No,No,No,No,No,No,No,No,No,No,No,No,No,No,No,No,No,No,No,No,No,No,No,No,Not Present
No,No,No,No,No,No,No,No,No,No,No,No,No,No,No,No,No,No,No,No,No,No,No,No,No,No,No,No,No,No,Not Present
Yes,No,No,No,Yes,Yes,Yes,No,No,No,Yes,No,Yes,Yes,Yes,Yes,No,Yes,Yes,No,No,Yes,Yes,No,No,Yes,No,Yes,Yes,Yes,Present
No,Yes,Yes,No,No,Yes,Yes,No,Yes,No,No,Yes,No,No,No,Yes,No,Yes,No,Yes,No,Yes,No,Yes,Yes,No,Yes,Yes,No,No,Present
Yes,Yes,Yes,Yes,No,Yes,Yes,No,No,Yes,Yes,Yes,No,Yes,Yes,Yes,Yes,Yes,No,No,Yes,Yes,Yes,Yes,Yes,No,No,No,No,No,Present
No,No,No,No,No,No,No,No,No,No,No,No,No,No,No,No,No,No,No,No,No,No,No,No,No,No,No,No,No,No,Not Present
No,Yes,No,No,No,No,No,No,No,Yes,No,No,No,No,No,No,No,No,No,No,No,No,No,No,No,Yes,No,Yes,No,No,Not Present
No,Yes,Yes,No,Yes,Yes,Yes,No,No,Yes,No,Yes,Yes,No,No,Yes,Yes,No,Yes,Yes,Yes,Yes,Yes,No,No,No,No,Yes,No,No,Present
Yes,Yes,Yes,Yes,Yes,Yes,Yes,No,No,Yes,Yes,No,Yes,No,Yes,Yes,Yes,Yes,Yes,No,Yes,No,Yes,Yes,Yes,Yes,No,Yes,No,No,Present
No,Yes,Yes,Yes,Yes,No,Yes,No,No,No,No,No,Yes,Yes,Yes,No,Yes,Yes,No,Yes,No,Yes,No,Yes,Yes,Yes,Yes,No,No,No,Present
No,No,No,No,No,No,No,No,No,No,No,No,No,No,No,No,No,No,No,No,No,No,No,No,No,No,No,No,No,No,Not Present
Yes,Yes,No,No,No,Yes,No,Yes,Yes,Yes,No,No,No,No,No,Yes,No,No,Yes,No,No,No,Yes,No,No,Yes,No,Yes,Yes,No,Present
No,No,Yes,No,Yes,Yes,No,Yes,No,No,Yes,Yes,No,No,Yes,Yes,Yes,Yes,No,No,Yes,Yes,Yes,No,Yes,No,Yes,Yes,Yes,No,Present
No,No,No,No,No,No,No,No,No,No,No,No,No,Yes,No,No,Yes,No,No,No,No,No,No,No,No,No,No,No,No,No,Not Present
No,No,No,No,No,No,No,No,No,No,No,No,No,No,No,No,No,No,No,No,No,No,Yes,No,No,No,No,No,No,No,Not Present
No,Yes,Yes,No,Yes,Yes,No,Yes,Yes,No,Yes,No,Yes,No,No,Yes,No,Yes,Yes,Yes,No,Yes,No,Yes,Yes,Yes,No,Yes,Yes,No,Present
No,No,No,No,No,No,No,No,No,No,No,No,No,No,No,No,No,No,No,Yes,No,No,No,No,No,No,No,No,No,No,Not Present
Yes,Yes,No,No,No,Yes,Yes,Yes,Yes,Yes,No,Yes,Yes,Yes,No,No,No,No,Yes,No,Yes,Yes,Yes,No,No,Yes,No,Yes,No,No,Present
Yes,No,No,Yes,No,No,Yes,Yes,Yes,Yes,No,No,No,Yes,Yes,No,No,No,No,Yes,Yes,Yes,No,Yes,Yes,No,Yes,Yes,No,No,Present
No,No,No,No,No,No,No,No,No,No,No,No,No,No,Yes,Yes,No,No,No,No,No,No,Yes,No,No,No,No,No,No,No,Not Present
No,No,Yes,Yes,Yes,No,No,Yes,Yes,No,Yes,No,Yes,Yes,No,Yes,No,No,No,Yes,No,No,No,No,No,No,Yes,No,No,Yes,Present
No,No,No,No,No,No,No,No,No,No,No,No,No,No,No,No,No,No,No,No,No,No,No,No,No,No,No,No,No,No,Not Present
Yes,Yes,Yes,No,Yes,Yes,No,No,No,Yes,No,Yes,Yes,No,No,Yes,Yes,Yes,No,No,No,Yes,No,Yes,Yes,Yes,No,Yes,No,Yes,Present
No,No,No,No,No,Yes,No,No,No,Yes,No,No,No,No,No,No,No,No,Yes,No,No,No,No,No,No,No,No,No,No,No,Not Present
Yes,No,No,No,No,No,No,No,No,No,No,No,No,No,No,No,No,No,No,No,No,No,No,No,No,No,No,No,No,Yes,Not Present
No,No,No,Yes,Yes,No,No,Yes,No,Yes,Yes,No,Yes,Yes,No,No,No,No,No,Yes,No,Yes,Yes,No,No,No,No,Yes,No,No,Present
No,Yes,Yes,No,Yes,Yes,No,Yes,Yes,Yes,No,Yes,Yes,Yes,Yes,Yes,Yes,Yes,No,Yes,Yes,No,No,Yes,Yes,Yes,No,Yes,Yes,Yes,Present
No,No,No,No,Yes,No,No,No,No,No,No,No,No,No,No,No,No,No,No,No,No,No,No,No,No,No,No,No,No,No,Not Present
Yes,Yes,Yes,No,No,Yes,No,No,Yes,Yes,No,Yes,Yes,Yes,No,No,Yes,No,No,No,No,No,Yes,No,Yes,No,Yes,No,No,No,Present
No,No,No,No,No,Yes,No,No,No,No,No,No,No,No,No,No,No,No,No,No,No,No,No,Yes,No,No,No,No,No,No,Not Present
Yes,No,Yes,No,No,No,Yes,No,Yes,Yes,Yes,No,No,No,Yes,Yes,Yes,No,Yes,Yes,Yes,No,Yes,Yes,No,Yes,No,No,Yes,Yes,Present
Yes,Yes,No,No,Yes,No,No,No,Yes,Yes,No,Yes,Yes,No,No,Yes,Yes,Yes,Yes,No,No,Yes,No,Yes,No,Yes,Yes,Yes,Yes,No,Present
No,Yes,No,Yes,No,No,No,Yes,Yes,No,Yes,Yes,Yes,No,Yes,No,Yes,No,No,No,No,No,Yes,Yes,Yes,No,Yes,No,Yes,Yes,Present
